Query,Assessment_url
I am hiring for Java developers who can also collaborate effectively with my business teams.,https://www.shl.com/solutions/products/product-catalog/view/technology-professional-2-0-job-focused-assessment/
I am hiring for Java developers who can also collaborate effectively with my business teams.,https://www.shl.com/solutions/products/product-catalog/view/java-programming/
I am hiring for Java developers who can also collaborate effectively with my business teams.,https://www.shl.com/solutions/products/product-catalog/view/teamwork-collaboration/
I am hiring for Java developers who can also collaborate effectively with my business teams.,https://www.shl.com/solutions/products/product-catalog/view/critical-thinking/
I am hiring for Java developers who can also collaborate effectively with my business teams.,https://www.shl.com/solutions/products/product-catalog/view/situational-judgement-test/
I am hiring for Java developers who can also collaborate effectively with my business teams.,https://www.shl.com/solutions/products/product-catalog/view/communication-competency/
I am hiring for Java developers who can also collaborate effectively with my business teams.,https://www.shl.com/solutions/products/product-catalog/view/python-new/
I am hiring for Java developers who can also collaborate effectively with my business teams.,https://www.shl.com/solutions/products/product-catalog/view/cognitive-ability-test/
I am hiring for Java developers who can also collaborate effectively with my business teams.,https://www.shl.com/solutions/products/product-catalog/view/sql-querying/
"Looking to hire mid-level professionals who are proficient in Python, SQL and JavaScript.",https://www.shl.com/solutions/products/product-catalog/view/situational-judgement-test/
"Looking to hire mid-level professionals who are proficient in Python, SQL and JavaScript.",https://www.shl.com/solutions/products/product-catalog/view/cognitive-ability-test/
"Looking to hire mid-level professionals who are proficient in Python, SQL and JavaScript.",https://www.shl.com/solutions/products/product-catalog/view/sql-querying/
"Looking to hire mid-level professionals who are proficient in Python, SQL and JavaScript.",https://www.shl.com/solutions/products/product-catalog/view/communication-competency/
"Looking to hire mid-level professionals who are proficient in Python, SQL and JavaScript.",https://www.shl.com/solutions/products/product-catalog/view/teamwork-collaboration/
"Looking to hire mid-level professionals who are proficient in Python, SQL and JavaScript.",https://www.shl.com/solutions/products/product-catalog/view/critical-thinking/
"Looking to hire mid-level professionals who are proficient in Python, SQL and JavaScript.",https://www.shl.com/solutions/products/product-catalog/view/java-programming/
"Looking to hire mid-level professionals who are proficient in Python, SQL and JavaScript.",https://www.shl.com/solutions/products/product-catalog/view/technology-professional-2-0-job-focused-assessment/
"Looking to hire mid-level professionals who are proficient in Python, SQL and JavaScript.",https://www.shl.com/solutions/products/product-catalog/view/python-new/
Recommend assessments for analysts focusing on Cognitive and Personality tests.,https://www.shl.com/solutions/products/product-catalog/view/teamwork-collaboration/
Recommend assessments for analysts focusing on Cognitive and Personality tests.,https://www.shl.com/solutions/products/product-catalog/view/cognitive-ability-test/
Recommend assessments for analysts focusing on Cognitive and Personality tests.,https://www.shl.com/solutions/products/product-catalog/view/technology-professional-2-0-job-focused-assessment/
Recommend assessments for analysts focusing on Cognitive and Personality tests.,https://www.shl.com/solutions/products/product-catalog/view/python-new/
Recommend assessments for analysts focusing on Cognitive and Personality tests.,https://www.shl.com/solutions/products/product-catalog/view/situational-judgement-test/
Recommend assessments for analysts focusing on Cognitive and Personality tests.,https://www.shl.com/solutions/products/product-catalog/view/critical-thinking/
Recommend assessments for analysts focusing on Cognitive and Personality tests.,https://www.shl.com/solutions/products/product-catalog/view/communication-competency/
Recommend assessments for analysts focusing on Cognitive and Personality tests.,https://www.shl.com/solutions/products/product-catalog/view/sql-querying/
Recommend assessments for analysts focusing on Cognitive and Personality tests.,https://www.shl.com/solutions/products/product-catalog/view/java-programming/
